ANDREA LAINI_A. LAINI
GIORGIO RIZZI_G. RIZZI
GABRIELE PICCIONI_G. PICCIONI
ROBERTO BOTRE_R. BOTRE
ENZO FELICI_E. FELICI
CLAUDIO MICHIELOTTO_C. MICHIELOTTO
WALTER BIAGIONI_W. BIAGIONI
RAFFAELE RECH_R. RECH
IVAN OVACIUC_I. OVACIUC
PIETRO CIANGOLI_P. CIANGOLI
SAID ELAKHRAS_S. ELAKHRAS
ALESSANDRO MOLLO_A. MOLLO
FABRIZIO VERNIA_F. VERNIA
GIANFRANCO MURA_G. MURA
FRANCESCO MURA_F. MURA
NATALINO CARUSO_N. CARUSO
ALESSANDRO ALESCIO_A. ALESCIO